{"cameraMode":{"drawMode":0,"name":"Shaded","section":"Shading Mode"},"sceneLighting":false,"audioPlay":false,"sceneViewState":{"m_AlwaysRefresh":false,"showFog":false,"showSkybox":false,"showFlares":false,"showImageEffects":false,"showParticleSystems":false,"showVisualEffectGraphs":true,"m_FxEnabled":true},"in2DMode":false,"pivot":{"x":-0.7612090110778809,"y":1.3944511413574219,"z":-0.044282544404268268},"rotation":{"x":-0.010291908867657185,"y":0.9724072813987732,"z":-0.22902797162532807,"w":-0.04380413889884949},"size":0.07897914946079254,"orthographic":false}